图片资产记录键,天气事件编号,事件帧编号,帧序号,样本编号,观测时间,图片类型,图片类型编码,图片文件名,图片URL,GitHub相对路径,服务器图片路径,本地图片路径,是否有图,数据状态,数据版本
real_h8_sccbam_epoch78__REAL_EVT_001_F001__DOUBLE_PANEL,REAL_EVT_001,REAL_EVT_001_F001,1,REAL_H8_20210121135000,2021-01-21 13:50:00,算法反演与实际观测双栏图,DOUBLE_PANEL_DBZ_20_70,REAL_H8_20210121135000.png,https://raw.githubusercontent.com/Mr-z66/qixiang/main/smartbi_event_images/db03_double_panel/REAL_H8_20210121135000.png,smartbi_event_images/db03_double_panel/REAL_H8_20210121135000.png,/gc/shanhai_etl/smartbi_db03_geo_preview_cn_final/all_double_column_ge20/REAL_H8_20210121135000.png,E:\软工\smartbi\交付物\双栏图增亮\REAL_H8_20210121135000.png,1,OK,db03_double_panel_v1
real_h8_sccbam_epoch78__REAL_EVT_001_F002__DOUBLE_PANEL,REAL_EVT_001,REAL_EVT_001_F002,2,REAL_H8_20210131122000,2021-01-31 12:20:00,算法反演与实际观测双栏图,DOUBLE_PANEL_DBZ_20_70,REAL_H8_20210131122000.png,https://raw.githubusercontent.com/Mr-z66/qixiang/main/smartbi_event_images/db03_double_panel/REAL_H8_20210131122000.png,smartbi_event_images/db03_double_panel/REAL_H8_20210131122000.png,/gc/shanhai_etl/smartbi_db03_geo_preview_cn_final/all_double_column_ge20/REAL_H8_20210131122000.png,E:\软工\smartbi\交付物\双栏图增亮\REAL_H8_20210131122000.png,1,OK,db03_double_panel_v1
real_h8_sccbam_epoch78__REAL_EVT_001_F003__DOUBLE_PANEL,REAL_EVT_001,REAL_EVT_001_F003,3,REAL_H8_20210131133000,2021-01-31 13:30:00,算法反演与实际观测双栏图,DOUBLE_PANEL_DBZ_20_70,REAL_H8_20210131133000.png,https://raw.githubusercontent.com/Mr-z66/qixiang/main/smartbi_event_images/db03_double_panel/REAL_H8_20210131133000.png,smartbi_event_images/db03_double_panel/REAL_H8_20210131133000.png,/gc/shanhai_etl/smartbi_db03_geo_preview_cn_final/all_double_column_ge20/REAL_H8_20210131133000.png,E:\软工\smartbi\交付物\双栏图增亮\REAL_H8_20210131133000.png,1,OK,db03_double_panel_v1
real_h8_sccbam_epoch78__REAL_EVT_001_F004__DOUBLE_PANEL,REAL_EVT_001,REAL_EVT_001_F004,4,REAL_H8_20210131140000,2021-01-31 14:00:00,算法反演与实际观测双栏图,DOUBLE_PANEL_DBZ_20_70,REAL_H8_20210131140000.png,https://raw.githubusercontent.com/Mr-z66/qixiang/main/smartbi_event_images/db03_double_panel/REAL_H8_20210131140000.png,smartbi_event_images/db03_double_panel/REAL_H8_20210131140000.png,/gc/shanhai_etl/smartbi_db03_geo_preview_cn_final/all_double_column_ge20/REAL_H8_20210131140000.png,E:\软工\smartbi\交付物\双栏图增亮\REAL_H8_20210131140000.png,1,OK,db03_double_panel_v1
real_h8_sccbam_epoch78__REAL_EVT_001_F005__DOUBLE_PANEL,REAL_EVT_001,REAL_EVT_001_F005,5,REAL_H8_20210131145000,2021-01-31 14:50:00,算法反演与实际观测双栏图,DOUBLE_PANEL_DBZ_20_70,REAL_H8_20210131145000.png,https://raw.githubusercontent.com/Mr-z66/qixiang/main/smartbi_event_images/db03_double_panel/REAL_H8_20210131145000.png,smartbi_event_images/db03_double_panel/REAL_H8_20210131145000.png,/gc/shanhai_etl/smartbi_db03_geo_preview_cn_final/all_double_column_ge20/REAL_H8_20210131145000.png,E:\软工\smartbi\交付物\双栏图增亮\REAL_H8_20210131145000.png,1,OK,db03_double_panel_v1
real_h8_sccbam_epoch78__REAL_EVT_001_F006__DOUBLE_PANEL,REAL_EVT_001,REAL_EVT_001_F006,6,REAL_H8_20210131172000,2021-01-31 17:20:00,算法反演与实际观测双栏图,DOUBLE_PANEL_DBZ_20_70,REAL_H8_20210131172000.png,https://raw.githubusercontent.com/Mr-z66/qixiang/main/smartbi_event_images/db03_double_panel/REAL_H8_20210131172000.png,smartbi_event_images/db03_double_panel/REAL_H8_20210131172000.png,/gc/shanhai_etl/smartbi_db03_geo_preview_cn_final/all_double_column_ge20/REAL_H8_20210131172000.png,E:\软工\smartbi\交付物\双栏图增亮\REAL_H8_20210131172000.png,1,OK,db03_double_panel_v1
real_h8_sccbam_epoch78__REAL_EVT_002_F001__DOUBLE_PANEL,REAL_EVT_002,REAL_EVT_002_F001,1,REAL_H8_20210131183000,2021-01-31 18:30:00,算法反演与实际观测双栏图,DOUBLE_PANEL_DBZ_20_70,REAL_H8_20210131183000.png,https://raw.githubusercontent.com/Mr-z66/qixiang/main/smartbi_event_images/db03_double_panel/REAL_H8_20210131183000.png,smartbi_event_images/db03_double_panel/REAL_H8_20210131183000.png,/gc/shanhai_etl/smartbi_db03_geo_preview_cn_final/all_double_column_ge20/REAL_H8_20210131183000.png,E:\软工\smartbi\交付物\双栏图增亮\REAL_H8_20210131183000.png,1,OK,db03_double_panel_v1
real_h8_sccbam_epoch78__REAL_EVT_002_F002__DOUBLE_PANEL,REAL_EVT_002,REAL_EVT_002_F002,2,REAL_H8_20210131185000,2021-01-31 18:50:00,算法反演与实际观测双栏图,DOUBLE_PANEL_DBZ_20_70,REAL_H8_20210131185000.png,https://raw.githubusercontent.com/Mr-z66/qixiang/main/smartbi_event_images/db03_double_panel/REAL_H8_20210131185000.png,smartbi_event_images/db03_double_panel/REAL_H8_20210131185000.png,/gc/shanhai_etl/smartbi_db03_geo_preview_cn_final/all_double_column_ge20/REAL_H8_20210131185000.png,E:\软工\smartbi\交付物\双栏图增亮\REAL_H8_20210131185000.png,1,OK,db03_double_panel_v1
real_h8_sccbam_epoch78__REAL_EVT_002_F003__DOUBLE_PANEL,REAL_EVT_002,REAL_EVT_002_F003,3,REAL_H8_20210131194000,2021-01-31 19:40:00,算法反演与实际观测双栏图,DOUBLE_PANEL_DBZ_20_70,REAL_H8_20210131194000.png,https://raw.githubusercontent.com/Mr-z66/qixiang/main/smartbi_event_images/db03_double_panel/REAL_H8_20210131194000.png,smartbi_event_images/db03_double_panel/REAL_H8_20210131194000.png,/gc/shanhai_etl/smartbi_db03_geo_preview_cn_final/all_double_column_ge20/REAL_H8_20210131194000.png,E:\软工\smartbi\交付物\双栏图增亮\REAL_H8_20210131194000.png,1,OK,db03_double_panel_v1
real_h8_sccbam_epoch78__REAL_EVT_002_F004__DOUBLE_PANEL,REAL_EVT_002,REAL_EVT_002_F004,4,REAL_H8_20210131204000,2021-01-31 20:40:00,算法反演与实际观测双栏图,DOUBLE_PANEL_DBZ_20_70,REAL_H8_20210131204000.png,https://raw.githubusercontent.com/Mr-z66/qixiang/main/smartbi_event_images/db03_double_panel/REAL_H8_20210131204000.png,smartbi_event_images/db03_double_panel/REAL_H8_20210131204000.png,/gc/shanhai_etl/smartbi_db03_geo_preview_cn_final/all_double_column_ge20/REAL_H8_20210131204000.png,E:\软工\smartbi\交付物\双栏图增亮\REAL_H8_20210131204000.png,1,OK,db03_double_panel_v1
real_h8_sccbam_epoch78__REAL_EVT_002_F005__DOUBLE_PANEL,REAL_EVT_002,REAL_EVT_002_F005,5,REAL_H8_20210131213000,2021-01-31 21:30:00,算法反演与实际观测双栏图,DOUBLE_PANEL_DBZ_20_70,REAL_H8_20210131213000.png,https://raw.githubusercontent.com/Mr-z66/qixiang/main/smartbi_event_images/db03_double_panel/REAL_H8_20210131213000.png,smartbi_event_images/db03_double_panel/REAL_H8_20210131213000.png,/gc/shanhai_etl/smartbi_db03_geo_preview_cn_final/all_double_column_ge20/REAL_H8_20210131213000.png,E:\软工\smartbi\交付物\双栏图增亮\REAL_H8_20210131213000.png,1,OK,db03_double_panel_v1
real_h8_sccbam_epoch78__REAL_EVT_002_F006__DOUBLE_PANEL,REAL_EVT_002,REAL_EVT_002_F006,6,REAL_H8_20210401082000,2021-04-01 08:20:00,算法反演与实际观测双栏图,DOUBLE_PANEL_DBZ_20_70,REAL_H8_20210401082000.png,https://raw.githubusercontent.com/Mr-z66/qixiang/main/smartbi_event_images/db03_double_panel/REAL_H8_20210401082000.png,smartbi_event_images/db03_double_panel/REAL_H8_20210401082000.png,/gc/shanhai_etl/smartbi_db03_geo_preview_cn_final/all_double_column_ge20/REAL_H8_20210401082000.png,E:\软工\smartbi\交付物\双栏图增亮\REAL_H8_20210401082000.png,1,OK,db03_double_panel_v1
real_h8_sccbam_epoch78__REAL_EVT_003_F001__DOUBLE_PANEL,REAL_EVT_003,REAL_EVT_003_F001,1,REAL_H8_20210401091000,2021-04-01 09:10:00,算法反演与实际观测双栏图,DOUBLE_PANEL_DBZ_20_70,REAL_H8_20210401091000.png,https://raw.githubusercontent.com/Mr-z66/qixiang/main/smartbi_event_images/db03_double_panel/REAL_H8_20210401091000.png,smartbi_event_images/db03_double_panel/REAL_H8_20210401091000.png,/gc/shanhai_etl/smartbi_db03_geo_preview_cn_final/all_double_column_ge20/REAL_H8_20210401091000.png,E:\软工\smartbi\交付物\双栏图增亮\REAL_H8_20210401091000.png,1,OK,db03_double_panel_v1
real_h8_sccbam_epoch78__REAL_EVT_003_F002__DOUBLE_PANEL,REAL_EVT_003,REAL_EVT_003_F002,2,REAL_H8_20210401100000,2021-04-01 10:00:00,算法反演与实际观测双栏图,DOUBLE_PANEL_DBZ_20_70,REAL_H8_20210401100000.png,https://raw.githubusercontent.com/Mr-z66/qixiang/main/smartbi_event_images/db03_double_panel/REAL_H8_20210401100000.png,smartbi_event_images/db03_double_panel/REAL_H8_20210401100000.png,/gc/shanhai_etl/smartbi_db03_geo_preview_cn_final/all_double_column_ge20/REAL_H8_20210401100000.png,E:\软工\smartbi\交付物\双栏图增亮\REAL_H8_20210401100000.png,1,OK,db03_double_panel_v1
real_h8_sccbam_epoch78__REAL_EVT_003_F003__DOUBLE_PANEL,REAL_EVT_003,REAL_EVT_003_F003,3,REAL_H8_20210401110000,2021-04-01 11:00:00,算法反演与实际观测双栏图,DOUBLE_PANEL_DBZ_20_70,REAL_H8_20210401110000.png,https://raw.githubusercontent.com/Mr-z66/qixiang/main/smartbi_event_images/db03_double_panel/REAL_H8_20210401110000.png,smartbi_event_images/db03_double_panel/REAL_H8_20210401110000.png,/gc/shanhai_etl/smartbi_db03_geo_preview_cn_final/all_double_column_ge20/REAL_H8_20210401110000.png,E:\软工\smartbi\交付物\双栏图增亮\REAL_H8_20210401110000.png,1,OK,db03_double_panel_v1
real_h8_sccbam_epoch78__REAL_EVT_003_F004__DOUBLE_PANEL,REAL_EVT_003,REAL_EVT_003_F004,4,REAL_H8_20210401175000,2021-04-01 17:50:00,算法反演与实际观测双栏图,DOUBLE_PANEL_DBZ_20_70,REAL_H8_20210401175000.png,https://raw.githubusercontent.com/Mr-z66/qixiang/main/smartbi_event_images/db03_double_panel/REAL_H8_20210401175000.png,smartbi_event_images/db03_double_panel/REAL_H8_20210401175000.png,/gc/shanhai_etl/smartbi_db03_geo_preview_cn_final/all_double_column_ge20/REAL_H8_20210401175000.png,E:\软工\smartbi\交付物\双栏图增亮\REAL_H8_20210401175000.png,1,OK,db03_double_panel_v1
real_h8_sccbam_epoch78__REAL_EVT_003_F005__DOUBLE_PANEL,REAL_EVT_003,REAL_EVT_003_F005,5,REAL_H8_20210401185000,2021-04-01 18:50:00,算法反演与实际观测双栏图,DOUBLE_PANEL_DBZ_20_70,REAL_H8_20210401185000.png,https://raw.githubusercontent.com/Mr-z66/qixiang/main/smartbi_event_images/db03_double_panel/REAL_H8_20210401185000.png,smartbi_event_images/db03_double_panel/REAL_H8_20210401185000.png,/gc/shanhai_etl/smartbi_db03_geo_preview_cn_final/all_double_column_ge20/REAL_H8_20210401185000.png,E:\软工\smartbi\交付物\双栏图增亮\REAL_H8_20210401185000.png,1,OK,db03_double_panel_v1
real_h8_sccbam_epoch78__REAL_EVT_003_F006__DOUBLE_PANEL,REAL_EVT_003,REAL_EVT_003_F006,6,REAL_H8_20210401190000,2021-04-01 19:00:00,算法反演与实际观测双栏图,DOUBLE_PANEL_DBZ_20_70,REAL_H8_20210401190000.png,https://raw.githubusercontent.com/Mr-z66/qixiang/main/smartbi_event_images/db03_double_panel/REAL_H8_20210401190000.png,smartbi_event_images/db03_double_panel/REAL_H8_20210401190000.png,/gc/shanhai_etl/smartbi_db03_geo_preview_cn_final/all_double_column_ge20/REAL_H8_20210401190000.png,E:\软工\smartbi\交付物\双栏图增亮\REAL_H8_20210401190000.png,1,OK,db03_double_panel_v1
real_h8_sccbam_epoch78__REAL_EVT_004_F001__DOUBLE_PANEL,REAL_EVT_004,REAL_EVT_004_F001,1,REAL_H8_20210401200000,2021-04-01 20:00:00,算法反演与实际观测双栏图,DOUBLE_PANEL_DBZ_20_70,REAL_H8_20210401200000.png,https://raw.githubusercontent.com/Mr-z66/qixiang/main/smartbi_event_images/db03_double_panel/REAL_H8_20210401200000.png,smartbi_event_images/db03_double_panel/REAL_H8_20210401200000.png,/gc/shanhai_etl/smartbi_db03_geo_preview_cn_final/all_double_column_ge20/REAL_H8_20210401200000.png,E:\软工\smartbi\交付物\双栏图增亮\REAL_H8_20210401200000.png,1,OK,db03_double_panel_v1
real_h8_sccbam_epoch78__REAL_EVT_004_F002__DOUBLE_PANEL,REAL_EVT_004,REAL_EVT_004_F002,2,REAL_H8_20210401205000,2021-04-01 20:50:00,算法反演与实际观测双栏图,DOUBLE_PANEL_DBZ_20_70,REAL_H8_20210401205000.png,https://raw.githubusercontent.com/Mr-z66/qixiang/main/smartbi_event_images/db03_double_panel/REAL_H8_20210401205000.png,smartbi_event_images/db03_double_panel/REAL_H8_20210401205000.png,/gc/shanhai_etl/smartbi_db03_geo_preview_cn_final/all_double_column_ge20/REAL_H8_20210401205000.png,E:\软工\smartbi\交付物\双栏图增亮\REAL_H8_20210401205000.png,1,OK,db03_double_panel_v1
real_h8_sccbam_epoch78__REAL_EVT_004_F003__DOUBLE_PANEL,REAL_EVT_004,REAL_EVT_004_F003,3,REAL_H8_20210401213000,2021-04-01 21:30:00,算法反演与实际观测双栏图,DOUBLE_PANEL_DBZ_20_70,REAL_H8_20210401213000.png,https://raw.githubusercontent.com/Mr-z66/qixiang/main/smartbi_event_images/db03_double_panel/REAL_H8_20210401213000.png,smartbi_event_images/db03_double_panel/REAL_H8_20210401213000.png,/gc/shanhai_etl/smartbi_db03_geo_preview_cn_final/all_double_column_ge20/REAL_H8_20210401213000.png,E:\软工\smartbi\交付物\双栏图增亮\REAL_H8_20210401213000.png,1,OK,db03_double_panel_v1
real_h8_sccbam_epoch78__REAL_EVT_004_F004__DOUBLE_PANEL,REAL_EVT_004,REAL_EVT_004_F004,4,REAL_H8_20210410082000,2021-04-10 08:20:00,算法反演与实际观测双栏图,DOUBLE_PANEL_DBZ_20_70,REAL_H8_20210410082000.png,https://raw.githubusercontent.com/Mr-z66/qixiang/main/smartbi_event_images/db03_double_panel/REAL_H8_20210410082000.png,smartbi_event_images/db03_double_panel/REAL_H8_20210410082000.png,/gc/shanhai_etl/smartbi_db03_geo_preview_cn_final/all_double_column_ge20/REAL_H8_20210410082000.png,E:\软工\smartbi\交付物\双栏图增亮\REAL_H8_20210410082000.png,1,OK,db03_double_panel_v1
real_h8_sccbam_epoch78__REAL_EVT_004_F005__DOUBLE_PANEL,REAL_EVT_004,REAL_EVT_004_F005,5,REAL_H8_20210410084000,2021-04-10 08:40:00,算法反演与实际观测双栏图,DOUBLE_PANEL_DBZ_20_70,REAL_H8_20210410084000.png,https://raw.githubusercontent.com/Mr-z66/qixiang/main/smartbi_event_images/db03_double_panel/REAL_H8_20210410084000.png,smartbi_event_images/db03_double_panel/REAL_H8_20210410084000.png,/gc/shanhai_etl/smartbi_db03_geo_preview_cn_final/all_double_column_ge20/REAL_H8_20210410084000.png,E:\软工\smartbi\交付物\双栏图增亮\REAL_H8_20210410084000.png,1,OK,db03_double_panel_v1
real_h8_sccbam_epoch78__REAL_EVT_004_F006__DOUBLE_PANEL,REAL_EVT_004,REAL_EVT_004_F006,6,REAL_H8_20210413165000,2021-04-13 16:50:00,算法反演与实际观测双栏图,DOUBLE_PANEL_DBZ_20_70,REAL_H8_20210413165000.png,https://raw.githubusercontent.com/Mr-z66/qixiang/main/smartbi_event_images/db03_double_panel/REAL_H8_20210413165000.png,smartbi_event_images/db03_double_panel/REAL_H8_20210413165000.png,/gc/shanhai_etl/smartbi_db03_geo_preview_cn_final/all_double_column_ge20/REAL_H8_20210413165000.png,E:\软工\smartbi\交付物\双栏图增亮\REAL_H8_20210413165000.png,1,OK,db03_double_panel_v1
real_h8_sccbam_epoch78__REAL_EVT_005_F001__DOUBLE_PANEL,REAL_EVT_005,REAL_EVT_005_F001,1,REAL_H8_20210413174000,2021-04-13 17:40:00,算法反演与实际观测双栏图,DOUBLE_PANEL_DBZ_20_70,REAL_H8_20210413174000.png,https://raw.githubusercontent.com/Mr-z66/qixiang/main/smartbi_event_images/db03_double_panel/REAL_H8_20210413174000.png,smartbi_event_images/db03_double_panel/REAL_H8_20210413174000.png,/gc/shanhai_etl/smartbi_db03_geo_preview_cn_final/all_double_column_ge20/REAL_H8_20210413174000.png,E:\软工\smartbi\交付物\双栏图增亮\REAL_H8_20210413174000.png,1,OK,db03_double_panel_v1
real_h8_sccbam_epoch78__REAL_EVT_005_F002__DOUBLE_PANEL,REAL_EVT_005,REAL_EVT_005_F002,2,REAL_H8_20210413182000,2021-04-13 18:20:00,算法反演与实际观测双栏图,DOUBLE_PANEL_DBZ_20_70,REAL_H8_20210413182000.png,https://raw.githubusercontent.com/Mr-z66/qixiang/main/smartbi_event_images/db03_double_panel/REAL_H8_20210413182000.png,smartbi_event_images/db03_double_panel/REAL_H8_20210413182000.png,/gc/shanhai_etl/smartbi_db03_geo_preview_cn_final/all_double_column_ge20/REAL_H8_20210413182000.png,E:\软工\smartbi\交付物\双栏图增亮\REAL_H8_20210413182000.png,1,OK,db03_double_panel_v1
real_h8_sccbam_epoch78__REAL_EVT_005_F003__DOUBLE_PANEL,REAL_EVT_005,REAL_EVT_005_F003,3,REAL_H8_20210413191000,2021-04-13 19:10:00,算法反演与实际观测双栏图,DOUBLE_PANEL_DBZ_20_70,REAL_H8_20210413191000.png,https://raw.githubusercontent.com/Mr-z66/qixiang/main/smartbi_event_images/db03_double_panel/REAL_H8_20210413191000.png,smartbi_event_images/db03_double_panel/REAL_H8_20210413191000.png,/gc/shanhai_etl/smartbi_db03_geo_preview_cn_final/all_double_column_ge20/REAL_H8_20210413191000.png,E:\软工\smartbi\交付物\双栏图增亮\REAL_H8_20210413191000.png,1,OK,db03_double_panel_v1
real_h8_sccbam_epoch78__REAL_EVT_005_F004__DOUBLE_PANEL,REAL_EVT_005,REAL_EVT_005_F004,4,REAL_H8_20210413194000,2021-04-13 19:40:00,算法反演与实际观测双栏图,DOUBLE_PANEL_DBZ_20_70,REAL_H8_20210413194000.png,https://raw.githubusercontent.com/Mr-z66/qixiang/main/smartbi_event_images/db03_double_panel/REAL_H8_20210413194000.png,smartbi_event_images/db03_double_panel/REAL_H8_20210413194000.png,/gc/shanhai_etl/smartbi_db03_geo_preview_cn_final/all_double_column_ge20/REAL_H8_20210413194000.png,E:\软工\smartbi\交付物\双栏图增亮\REAL_H8_20210413194000.png,1,OK,db03_double_panel_v1
real_h8_sccbam_epoch78__REAL_EVT_005_F005__DOUBLE_PANEL,REAL_EVT_005,REAL_EVT_005_F005,5,REAL_H8_20210413203000,2021-04-13 20:30:00,算法反演与实际观测双栏图,DOUBLE_PANEL_DBZ_20_70,REAL_H8_20210413203000.png,https://raw.githubusercontent.com/Mr-z66/qixiang/main/smartbi_event_images/db03_double_panel/REAL_H8_20210413203000.png,smartbi_event_images/db03_double_panel/REAL_H8_20210413203000.png,/gc/shanhai_etl/smartbi_db03_geo_preview_cn_final/all_double_column_ge20/REAL_H8_20210413203000.png,E:\软工\smartbi\交付物\双栏图增亮\REAL_H8_20210413203000.png,1,OK,db03_double_panel_v1
real_h8_sccbam_epoch78__REAL_EVT_005_F006__DOUBLE_PANEL,REAL_EVT_005,REAL_EVT_005_F006,6,REAL_H8_20210413213000,2021-04-13 21:30:00,算法反演与实际观测双栏图,DOUBLE_PANEL_DBZ_20_70,REAL_H8_20210413213000.png,https://raw.githubusercontent.com/Mr-z66/qixiang/main/smartbi_event_images/db03_double_panel/REAL_H8_20210413213000.png,smartbi_event_images/db03_double_panel/REAL_H8_20210413213000.png,/gc/shanhai_etl/smartbi_db03_geo_preview_cn_final/all_double_column_ge20/REAL_H8_20210413213000.png,E:\软工\smartbi\交付物\双栏图增亮\REAL_H8_20210413213000.png,1,OK,db03_double_panel_v1
real_h8_sccbam_epoch78__REAL_EVT_006_F001__DOUBLE_PANEL,REAL_EVT_006,REAL_EVT_006_F001,1,REAL_H8_20210415132000,2021-04-15 13:20:00,算法反演与实际观测双栏图,DOUBLE_PANEL_DBZ_20_70,REAL_H8_20210415132000.png,https://raw.githubusercontent.com/Mr-z66/qixiang/main/smartbi_event_images/db03_double_panel/REAL_H8_20210415132000.png,smartbi_event_images/db03_double_panel/REAL_H8_20210415132000.png,/gc/shanhai_etl/smartbi_db03_geo_preview_cn_final/all_double_column_ge20/REAL_H8_20210415132000.png,E:\软工\smartbi\交付物\双栏图增亮\REAL_H8_20210415132000.png,1,OK,db03_double_panel_v1
real_h8_sccbam_epoch78__REAL_EVT_006_F002__DOUBLE_PANEL,REAL_EVT_006,REAL_EVT_006_F002,2,REAL_H8_20210420083000,2021-04-20 08:30:00,算法反演与实际观测双栏图,DOUBLE_PANEL_DBZ_20_70,REAL_H8_20210420083000.png,https://raw.githubusercontent.com/Mr-z66/qixiang/main/smartbi_event_images/db03_double_panel/REAL_H8_20210420083000.png,smartbi_event_images/db03_double_panel/REAL_H8_20210420083000.png,/gc/shanhai_etl/smartbi_db03_geo_preview_cn_final/all_double_column_ge20/REAL_H8_20210420083000.png,E:\软工\smartbi\交付物\双栏图增亮\REAL_H8_20210420083000.png,1,OK,db03_double_panel_v1
real_h8_sccbam_epoch78__REAL_EVT_006_F003__DOUBLE_PANEL,REAL_EVT_006,REAL_EVT_006_F003,3,REAL_H8_20210420085000,2021-04-20 08:50:00,算法反演与实际观测双栏图,DOUBLE_PANEL_DBZ_20_70,REAL_H8_20210420085000.png,https://raw.githubusercontent.com/Mr-z66/qixiang/main/smartbi_event_images/db03_double_panel/REAL_H8_20210420085000.png,smartbi_event_images/db03_double_panel/REAL_H8_20210420085000.png,/gc/shanhai_etl/smartbi_db03_geo_preview_cn_final/all_double_column_ge20/REAL_H8_20210420085000.png,E:\软工\smartbi\交付物\双栏图增亮\REAL_H8_20210420085000.png,1,OK,db03_double_panel_v1
real_h8_sccbam_epoch78__REAL_EVT_006_F004__DOUBLE_PANEL,REAL_EVT_006,REAL_EVT_006_F004,4,REAL_H8_20210420090000,2021-04-20 09:00:00,算法反演与实际观测双栏图,DOUBLE_PANEL_DBZ_20_70,REAL_H8_20210420090000.png,https://raw.githubusercontent.com/Mr-z66/qixiang/main/smartbi_event_images/db03_double_panel/REAL_H8_20210420090000.png,smartbi_event_images/db03_double_panel/REAL_H8_20210420090000.png,/gc/shanhai_etl/smartbi_db03_geo_preview_cn_final/all_double_column_ge20/REAL_H8_20210420090000.png,E:\软工\smartbi\交付物\双栏图增亮\REAL_H8_20210420090000.png,1,OK,db03_double_panel_v1
real_h8_sccbam_epoch78__REAL_EVT_006_F005__DOUBLE_PANEL,REAL_EVT_006,REAL_EVT_006_F005,5,REAL_H8_20210420115000,2021-04-20 11:50:00,算法反演与实际观测双栏图,DOUBLE_PANEL_DBZ_20_70,REAL_H8_20210420115000.png,https://raw.githubusercontent.com/Mr-z66/qixiang/main/smartbi_event_images/db03_double_panel/REAL_H8_20210420115000.png,smartbi_event_images/db03_double_panel/REAL_H8_20210420115000.png,/gc/shanhai_etl/smartbi_db03_geo_preview_cn_final/all_double_column_ge20/REAL_H8_20210420115000.png,E:\软工\smartbi\交付物\双栏图增亮\REAL_H8_20210420115000.png,1,OK,db03_double_panel_v1
real_h8_sccbam_epoch78__REAL_EVT_006_F006__DOUBLE_PANEL,REAL_EVT_006,REAL_EVT_006_F006,6,REAL_H8_20210420165000,2021-04-20 16:50:00,算法反演与实际观测双栏图,DOUBLE_PANEL_DBZ_20_70,REAL_H8_20210420165000.png,https://raw.githubusercontent.com/Mr-z66/qixiang/main/smartbi_event_images/db03_double_panel/REAL_H8_20210420165000.png,smartbi_event_images/db03_double_panel/REAL_H8_20210420165000.png,/gc/shanhai_etl/smartbi_db03_geo_preview_cn_final/all_double_column_ge20/REAL_H8_20210420165000.png,E:\软工\smartbi\交付物\双栏图增亮\REAL_H8_20210420165000.png,1,OK,db03_double_panel_v1
real_h8_sccbam_epoch78__REAL_EVT_007_F001__DOUBLE_PANEL,REAL_EVT_007,REAL_EVT_007_F001,1,REAL_H8_20210420170000,2021-04-20 17:00:00,算法反演与实际观测双栏图,DOUBLE_PANEL_DBZ_20_70,REAL_H8_20210420170000.png,https://raw.githubusercontent.com/Mr-z66/qixiang/main/smartbi_event_images/db03_double_panel/REAL_H8_20210420170000.png,smartbi_event_images/db03_double_panel/REAL_H8_20210420170000.png,/gc/shanhai_etl/smartbi_db03_geo_preview_cn_final/all_double_column_ge20/REAL_H8_20210420170000.png,E:\软工\smartbi\交付物\双栏图增亮\REAL_H8_20210420170000.png,1,OK,db03_double_panel_v1
real_h8_sccbam_epoch78__REAL_EVT_007_F002__DOUBLE_PANEL,REAL_EVT_007,REAL_EVT_007_F002,2,REAL_H8_20210420172000,2021-04-20 17:20:00,算法反演与实际观测双栏图,DOUBLE_PANEL_DBZ_20_70,REAL_H8_20210420172000.png,https://raw.githubusercontent.com/Mr-z66/qixiang/main/smartbi_event_images/db03_double_panel/REAL_H8_20210420172000.png,smartbi_event_images/db03_double_panel/REAL_H8_20210420172000.png,/gc/shanhai_etl/smartbi_db03_geo_preview_cn_final/all_double_column_ge20/REAL_H8_20210420172000.png,E:\软工\smartbi\交付物\双栏图增亮\REAL_H8_20210420172000.png,1,OK,db03_double_panel_v1
real_h8_sccbam_epoch78__REAL_EVT_007_F003__DOUBLE_PANEL,REAL_EVT_007,REAL_EVT_007_F003,3,REAL_H8_20210420181000,2021-04-20 18:10:00,算法反演与实际观测双栏图,DOUBLE_PANEL_DBZ_20_70,REAL_H8_20210420181000.png,https://raw.githubusercontent.com/Mr-z66/qixiang/main/smartbi_event_images/db03_double_panel/REAL_H8_20210420181000.png,smartbi_event_images/db03_double_panel/REAL_H8_20210420181000.png,/gc/shanhai_etl/smartbi_db03_geo_preview_cn_final/all_double_column_ge20/REAL_H8_20210420181000.png,E:\软工\smartbi\交付物\双栏图增亮\REAL_H8_20210420181000.png,1,OK,db03_double_panel_v1
real_h8_sccbam_epoch78__REAL_EVT_007_F004__DOUBLE_PANEL,REAL_EVT_007,REAL_EVT_007_F004,4,REAL_H8_20210421135000,2021-04-21 13:50:00,算法反演与实际观测双栏图,DOUBLE_PANEL_DBZ_20_70,REAL_H8_20210421135000.png,https://raw.githubusercontent.com/Mr-z66/qixiang/main/smartbi_event_images/db03_double_panel/REAL_H8_20210421135000.png,smartbi_event_images/db03_double_panel/REAL_H8_20210421135000.png,/gc/shanhai_etl/smartbi_db03_geo_preview_cn_final/all_double_column_ge20/REAL_H8_20210421135000.png,E:\软工\smartbi\交付物\双栏图增亮\REAL_H8_20210421135000.png,1,OK,db03_double_panel_v1
real_h8_sccbam_epoch78__REAL_EVT_007_F005__DOUBLE_PANEL,REAL_EVT_007,REAL_EVT_007_F005,5,REAL_H8_20210421152000,2021-04-21 15:20:00,算法反演与实际观测双栏图,DOUBLE_PANEL_DBZ_20_70,REAL_H8_20210421152000.png,https://raw.githubusercontent.com/Mr-z66/qixiang/main/smartbi_event_images/db03_double_panel/REAL_H8_20210421152000.png,smartbi_event_images/db03_double_panel/REAL_H8_20210421152000.png,/gc/shanhai_etl/smartbi_db03_geo_preview_cn_final/all_double_column_ge20/REAL_H8_20210421152000.png,E:\软工\smartbi\交付物\双栏图增亮\REAL_H8_20210421152000.png,1,OK,db03_double_panel_v1
real_h8_sccbam_epoch78__REAL_EVT_007_F006__DOUBLE_PANEL,REAL_EVT_007,REAL_EVT_007_F006,6,REAL_H8_20210421165000,2021-04-21 16:50:00,算法反演与实际观测双栏图,DOUBLE_PANEL_DBZ_20_70,REAL_H8_20210421165000.png,https://raw.githubusercontent.com/Mr-z66/qixiang/main/smartbi_event_images/db03_double_panel/REAL_H8_20210421165000.png,smartbi_event_images/db03_double_panel/REAL_H8_20210421165000.png,/gc/shanhai_etl/smartbi_db03_geo_preview_cn_final/all_double_column_ge20/REAL_H8_20210421165000.png,E:\软工\smartbi\交付物\双栏图增亮\REAL_H8_20210421165000.png,1,OK,db03_double_panel_v1
real_h8_sccbam_epoch78__REAL_EVT_008_F001__DOUBLE_PANEL,REAL_EVT_008,REAL_EVT_008_F001,1,REAL_H8_20210421181000,2021-04-21 18:10:00,算法反演与实际观测双栏图,DOUBLE_PANEL_DBZ_20_70,REAL_H8_20210421181000.png,https://raw.githubusercontent.com/Mr-z66/qixiang/main/smartbi_event_images/db03_double_panel/REAL_H8_20210421181000.png,smartbi_event_images/db03_double_panel/REAL_H8_20210421181000.png,/gc/shanhai_etl/smartbi_db03_geo_preview_cn_final/all_double_column_ge20/REAL_H8_20210421181000.png,E:\软工\smartbi\交付物\双栏图增亮\REAL_H8_20210421181000.png,1,OK,db03_double_panel_v1
real_h8_sccbam_epoch78__REAL_EVT_008_F002__DOUBLE_PANEL,REAL_EVT_008,REAL_EVT_008_F002,2,REAL_H8_20210421200000,2021-04-21 20:00:00,算法反演与实际观测双栏图,DOUBLE_PANEL_DBZ_20_70,REAL_H8_20210421200000.png,https://raw.githubusercontent.com/Mr-z66/qixiang/main/smartbi_event_images/db03_double_panel/REAL_H8_20210421200000.png,smartbi_event_images/db03_double_panel/REAL_H8_20210421200000.png,/gc/shanhai_etl/smartbi_db03_geo_preview_cn_final/all_double_column_ge20/REAL_H8_20210421200000.png,E:\软工\smartbi\交付物\双栏图增亮\REAL_H8_20210421200000.png,1,OK,db03_double_panel_v1
real_h8_sccbam_epoch78__REAL_EVT_008_F003__DOUBLE_PANEL,REAL_EVT_008,REAL_EVT_008_F003,3,REAL_H8_20210421210000,2021-04-21 21:00:00,算法反演与实际观测双栏图,DOUBLE_PANEL_DBZ_20_70,REAL_H8_20210421210000.png,https://raw.githubusercontent.com/Mr-z66/qixiang/main/smartbi_event_images/db03_double_panel/REAL_H8_20210421210000.png,smartbi_event_images/db03_double_panel/REAL_H8_20210421210000.png,/gc/shanhai_etl/smartbi_db03_geo_preview_cn_final/all_double_column_ge20/REAL_H8_20210421210000.png,E:\软工\smartbi\交付物\双栏图增亮\REAL_H8_20210421210000.png,1,OK,db03_double_panel_v1
real_h8_sccbam_epoch78__REAL_EVT_008_F004__DOUBLE_PANEL,REAL_EVT_008,REAL_EVT_008_F004,4,REAL_H8_20210421214000,2021-04-21 21:40:00,算法反演与实际观测双栏图,DOUBLE_PANEL_DBZ_20_70,REAL_H8_20210421214000.png,https://raw.githubusercontent.com/Mr-z66/qixiang/main/smartbi_event_images/db03_double_panel/REAL_H8_20210421214000.png,smartbi_event_images/db03_double_panel/REAL_H8_20210421214000.png,/gc/shanhai_etl/smartbi_db03_geo_preview_cn_final/all_double_column_ge20/REAL_H8_20210421214000.png,E:\软工\smartbi\交付物\双栏图增亮\REAL_H8_20210421214000.png,1,OK,db03_double_panel_v1
real_h8_sccbam_epoch78__REAL_EVT_008_F005__DOUBLE_PANEL,REAL_EVT_008,REAL_EVT_008_F005,5,REAL_H8_20210422085000,2021-04-22 08:50:00,算法反演与实际观测双栏图,DOUBLE_PANEL_DBZ_20_70,REAL_H8_20210422085000.png,https://raw.githubusercontent.com/Mr-z66/qixiang/main/smartbi_event_images/db03_double_panel/REAL_H8_20210422085000.png,smartbi_event_images/db03_double_panel/REAL_H8_20210422085000.png,/gc/shanhai_etl/smartbi_db03_geo_preview_cn_final/all_double_column_ge20/REAL_H8_20210422085000.png,E:\软工\smartbi\交付物\双栏图增亮\REAL_H8_20210422085000.png,1,OK,db03_double_panel_v1
real_h8_sccbam_epoch78__REAL_EVT_008_F006__DOUBLE_PANEL,REAL_EVT_008,REAL_EVT_008_F006,6,REAL_H8_20210422092000,2021-04-22 09:20:00,算法反演与实际观测双栏图,DOUBLE_PANEL_DBZ_20_70,REAL_H8_20210422092000.png,https://raw.githubusercontent.com/Mr-z66/qixiang/main/smartbi_event_images/db03_double_panel/REAL_H8_20210422092000.png,smartbi_event_images/db03_double_panel/REAL_H8_20210422092000.png,/gc/shanhai_etl/smartbi_db03_geo_preview_cn_final/all_double_column_ge20/REAL_H8_20210422092000.png,E:\软工\smartbi\交付物\双栏图增亮\REAL_H8_20210422092000.png,1,OK,db03_double_panel_v1
real_h8_sccbam_epoch78__REAL_EVT_009_F001__DOUBLE_PANEL,REAL_EVT_009,REAL_EVT_009_F001,1,REAL_H8_20210422093000,2021-04-22 09:30:00,算法反演与实际观测双栏图,DOUBLE_PANEL_DBZ_20_70,REAL_H8_20210422093000.png,https://raw.githubusercontent.com/Mr-z66/qixiang/main/smartbi_event_images/db03_double_panel/REAL_H8_20210422093000.png,smartbi_event_images/db03_double_panel/REAL_H8_20210422093000.png,/gc/shanhai_etl/smartbi_db03_geo_preview_cn_final/all_double_column_ge20/REAL_H8_20210422093000.png,E:\软工\smartbi\交付物\双栏图增亮\REAL_H8_20210422093000.png,1,OK,db03_double_panel_v1
real_h8_sccbam_epoch78__REAL_EVT_009_F002__DOUBLE_PANEL,REAL_EVT_009,REAL_EVT_009_F002,2,REAL_H8_20210422113000,2021-04-22 11:30:00,算法反演与实际观测双栏图,DOUBLE_PANEL_DBZ_20_70,REAL_H8_20210422113000.png,https://raw.githubusercontent.com/Mr-z66/qixiang/main/smartbi_event_images/db03_double_panel/REAL_H8_20210422113000.png,smartbi_event_images/db03_double_panel/REAL_H8_20210422113000.png,/gc/shanhai_etl/smartbi_db03_geo_preview_cn_final/all_double_column_ge20/REAL_H8_20210422113000.png,E:\软工\smartbi\交付物\双栏图增亮\REAL_H8_20210422113000.png,1,OK,db03_double_panel_v1
real_h8_sccbam_epoch78__REAL_EVT_009_F003__DOUBLE_PANEL,REAL_EVT_009,REAL_EVT_009_F003,3,REAL_H8_20210422114000,2021-04-22 11:40:00,算法反演与实际观测双栏图,DOUBLE_PANEL_DBZ_20_70,REAL_H8_20210422114000.png,https://raw.githubusercontent.com/Mr-z66/qixiang/main/smartbi_event_images/db03_double_panel/REAL_H8_20210422114000.png,smartbi_event_images/db03_double_panel/REAL_H8_20210422114000.png,/gc/shanhai_etl/smartbi_db03_geo_preview_cn_final/all_double_column_ge20/REAL_H8_20210422114000.png,E:\软工\smartbi\交付物\双栏图增亮\REAL_H8_20210422114000.png,1,OK,db03_double_panel_v1
real_h8_sccbam_epoch78__REAL_EVT_009_F004__DOUBLE_PANEL,REAL_EVT_009,REAL_EVT_009_F004,4,REAL_H8_20210422123000,2021-04-22 12:30:00,算法反演与实际观测双栏图,DOUBLE_PANEL_DBZ_20_70,REAL_H8_20210422123000.png,https://raw.githubusercontent.com/Mr-z66/qixiang/main/smartbi_event_images/db03_double_panel/REAL_H8_20210422123000.png,smartbi_event_images/db03_double_panel/REAL_H8_20210422123000.png,/gc/shanhai_etl/smartbi_db03_geo_preview_cn_final/all_double_column_ge20/REAL_H8_20210422123000.png,E:\软工\smartbi\交付物\双栏图增亮\REAL_H8_20210422123000.png,1,OK,db03_double_panel_v1
real_h8_sccbam_epoch78__REAL_EVT_009_F005__DOUBLE_PANEL,REAL_EVT_009,REAL_EVT_009_F005,5,REAL_H8_20210422131000,2021-04-22 13:10:00,算法反演与实际观测双栏图,DOUBLE_PANEL_DBZ_20_70,REAL_H8_20210422131000.png,https://raw.githubusercontent.com/Mr-z66/qixiang/main/smartbi_event_images/db03_double_panel/REAL_H8_20210422131000.png,smartbi_event_images/db03_double_panel/REAL_H8_20210422131000.png,/gc/shanhai_etl/smartbi_db03_geo_preview_cn_final/all_double_column_ge20/REAL_H8_20210422131000.png,E:\软工\smartbi\交付物\双栏图增亮\REAL_H8_20210422131000.png,1,OK,db03_double_panel_v1
real_h8_sccbam_epoch78__REAL_EVT_009_F006__DOUBLE_PANEL,REAL_EVT_009,REAL_EVT_009_F006,6,REAL_H8_20210424081000,2021-04-24 08:10:00,算法反演与实际观测双栏图,DOUBLE_PANEL_DBZ_20_70,REAL_H8_20210424081000.png,https://raw.githubusercontent.com/Mr-z66/qixiang/main/smartbi_event_images/db03_double_panel/REAL_H8_20210424081000.png,smartbi_event_images/db03_double_panel/REAL_H8_20210424081000.png,/gc/shanhai_etl/smartbi_db03_geo_preview_cn_final/all_double_column_ge20/REAL_H8_20210424081000.png,E:\软工\smartbi\交付物\双栏图增亮\REAL_H8_20210424081000.png,1,OK,db03_double_panel_v1
real_h8_sccbam_epoch78__REAL_EVT_010_F001__DOUBLE_PANEL,REAL_EVT_010,REAL_EVT_010_F001,1,REAL_H8_20210424082000,2021-04-24 08:20:00,算法反演与实际观测双栏图,DOUBLE_PANEL_DBZ_20_70,REAL_H8_20210424082000.png,https://raw.githubusercontent.com/Mr-z66/qixiang/main/smartbi_event_images/db03_double_panel/REAL_H8_20210424082000.png,smartbi_event_images/db03_double_panel/REAL_H8_20210424082000.png,/gc/shanhai_etl/smartbi_db03_geo_preview_cn_final/all_double_column_ge20/REAL_H8_20210424082000.png,E:\软工\smartbi\交付物\双栏图增亮\REAL_H8_20210424082000.png,1,OK,db03_double_panel_v1
real_h8_sccbam_epoch78__REAL_EVT_010_F002__DOUBLE_PANEL,REAL_EVT_010,REAL_EVT_010_F002,2,REAL_H8_20210424094000,2021-04-24 09:40:00,算法反演与实际观测双栏图,DOUBLE_PANEL_DBZ_20_70,REAL_H8_20210424094000.png,https://raw.githubusercontent.com/Mr-z66/qixiang/main/smartbi_event_images/db03_double_panel/REAL_H8_20210424094000.png,smartbi_event_images/db03_double_panel/REAL_H8_20210424094000.png,/gc/shanhai_etl/smartbi_db03_geo_preview_cn_final/all_double_column_ge20/REAL_H8_20210424094000.png,E:\软工\smartbi\交付物\双栏图增亮\REAL_H8_20210424094000.png,1,OK,db03_double_panel_v1
real_h8_sccbam_epoch78__REAL_EVT_010_F003__DOUBLE_PANEL,REAL_EVT_010,REAL_EVT_010_F003,3,REAL_H8_20210424105000,2021-04-24 10:50:00,算法反演与实际观测双栏图,DOUBLE_PANEL_DBZ_20_70,REAL_H8_20210424105000.png,https://raw.githubusercontent.com/Mr-z66/qixiang/main/smartbi_event_images/db03_double_panel/REAL_H8_20210424105000.png,smartbi_event_images/db03_double_panel/REAL_H8_20210424105000.png,/gc/shanhai_etl/smartbi_db03_geo_preview_cn_final/all_double_column_ge20/REAL_H8_20210424105000.png,E:\软工\smartbi\交付物\双栏图增亮\REAL_H8_20210424105000.png,1,OK,db03_double_panel_v1
real_h8_sccbam_epoch78__REAL_EVT_010_F004__DOUBLE_PANEL,REAL_EVT_010,REAL_EVT_010_F004,4,REAL_H8_20210424115000,2021-04-24 11:50:00,算法反演与实际观测双栏图,DOUBLE_PANEL_DBZ_20_70,REAL_H8_20210424115000.png,https://raw.githubusercontent.com/Mr-z66/qixiang/main/smartbi_event_images/db03_double_panel/REAL_H8_20210424115000.png,smartbi_event_images/db03_double_panel/REAL_H8_20210424115000.png,/gc/shanhai_etl/smartbi_db03_geo_preview_cn_final/all_double_column_ge20/REAL_H8_20210424115000.png,E:\软工\smartbi\交付物\双栏图增亮\REAL_H8_20210424115000.png,1,OK,db03_double_panel_v1
real_h8_sccbam_epoch78__REAL_EVT_010_F005__DOUBLE_PANEL,REAL_EVT_010,REAL_EVT_010_F005,5,REAL_H8_20210424150000,2021-04-24 15:00:00,算法反演与实际观测双栏图,DOUBLE_PANEL_DBZ_20_70,REAL_H8_20210424150000.png,https://raw.githubusercontent.com/Mr-z66/qixiang/main/smartbi_event_images/db03_double_panel/REAL_H8_20210424150000.png,smartbi_event_images/db03_double_panel/REAL_H8_20210424150000.png,/gc/shanhai_etl/smartbi_db03_geo_preview_cn_final/all_double_column_ge20/REAL_H8_20210424150000.png,E:\软工\smartbi\交付物\双栏图增亮\REAL_H8_20210424150000.png,1,OK,db03_double_panel_v1
real_h8_sccbam_epoch78__REAL_EVT_010_F006__DOUBLE_PANEL,REAL_EVT_010,REAL_EVT_010_F006,6,REAL_H8_20210424151000,2021-04-24 15:10:00,算法反演与实际观测双栏图,DOUBLE_PANEL_DBZ_20_70,REAL_H8_20210424151000.png,https://raw.githubusercontent.com/Mr-z66/qixiang/main/smartbi_event_images/db03_double_panel/REAL_H8_20210424151000.png,smartbi_event_images/db03_double_panel/REAL_H8_20210424151000.png,/gc/shanhai_etl/smartbi_db03_geo_preview_cn_final/all_double_column_ge20/REAL_H8_20210424151000.png,E:\软工\smartbi\交付物\双栏图增亮\REAL_H8_20210424151000.png,1,OK,db03_double_panel_v1
real_h8_sccbam_epoch78__REAL_EVT_011_F001__DOUBLE_PANEL,REAL_EVT_011,REAL_EVT_011_F001,1,REAL_H8_20210424152000,2021-04-24 15:20:00,算法反演与实际观测双栏图,DOUBLE_PANEL_DBZ_20_70,REAL_H8_20210424152000.png,https://raw.githubusercontent.com/Mr-z66/qixiang/main/smartbi_event_images/db03_double_panel/REAL_H8_20210424152000.png,smartbi_event_images/db03_double_panel/REAL_H8_20210424152000.png,/gc/shanhai_etl/smartbi_db03_geo_preview_cn_final/all_double_column_ge20/REAL_H8_20210424152000.png,E:\软工\smartbi\交付物\双栏图增亮\REAL_H8_20210424152000.png,1,OK,db03_double_panel_v1
real_h8_sccbam_epoch78__REAL_EVT_011_F002__DOUBLE_PANEL,REAL_EVT_011,REAL_EVT_011_F002,2,REAL_H8_20210424155000,2021-04-24 15:50:00,算法反演与实际观测双栏图,DOUBLE_PANEL_DBZ_20_70,REAL_H8_20210424155000.png,https://raw.githubusercontent.com/Mr-z66/qixiang/main/smartbi_event_images/db03_double_panel/REAL_H8_20210424155000.png,smartbi_event_images/db03_double_panel/REAL_H8_20210424155000.png,/gc/shanhai_etl/smartbi_db03_geo_preview_cn_final/all_double_column_ge20/REAL_H8_20210424155000.png,E:\软工\smartbi\交付物\双栏图增亮\REAL_H8_20210424155000.png,1,OK,db03_double_panel_v1
real_h8_sccbam_epoch78__REAL_EVT_011_F003__DOUBLE_PANEL,REAL_EVT_011,REAL_EVT_011_F003,3,REAL_H8_20210424171000,2021-04-24 17:10:00,算法反演与实际观测双栏图,DOUBLE_PANEL_DBZ_20_70,REAL_H8_20210424171000.png,https://raw.githubusercontent.com/Mr-z66/qixiang/main/smartbi_event_images/db03_double_panel/REAL_H8_20210424171000.png,smartbi_event_images/db03_double_panel/REAL_H8_20210424171000.png,/gc/shanhai_etl/smartbi_db03_geo_preview_cn_final/all_double_column_ge20/REAL_H8_20210424171000.png,E:\软工\smartbi\交付物\双栏图增亮\REAL_H8_20210424171000.png,1,OK,db03_double_panel_v1
real_h8_sccbam_epoch78__REAL_EVT_011_F004__DOUBLE_PANEL,REAL_EVT_011,REAL_EVT_011_F004,4,REAL_H8_20210424174000,2021-04-24 17:40:00,算法反演与实际观测双栏图,DOUBLE_PANEL_DBZ_20_70,REAL_H8_20210424174000.png,https://raw.githubusercontent.com/Mr-z66/qixiang/main/smartbi_event_images/db03_double_panel/REAL_H8_20210424174000.png,smartbi_event_images/db03_double_panel/REAL_H8_20210424174000.png,/gc/shanhai_etl/smartbi_db03_geo_preview_cn_final/all_double_column_ge20/REAL_H8_20210424174000.png,E:\软工\smartbi\交付物\双栏图增亮\REAL_H8_20210424174000.png,1,OK,db03_double_panel_v1
real_h8_sccbam_epoch78__REAL_EVT_011_F005__DOUBLE_PANEL,REAL_EVT_011,REAL_EVT_011_F005,5,REAL_H8_20210424204000,2021-04-24 20:40:00,算法反演与实际观测双栏图,DOUBLE_PANEL_DBZ_20_70,REAL_H8_20210424204000.png,https://raw.githubusercontent.com/Mr-z66/qixiang/main/smartbi_event_images/db03_double_panel/REAL_H8_20210424204000.png,smartbi_event_images/db03_double_panel/REAL_H8_20210424204000.png,/gc/shanhai_etl/smartbi_db03_geo_preview_cn_final/all_double_column_ge20/REAL_H8_20210424204000.png,E:\软工\smartbi\交付物\双栏图增亮\REAL_H8_20210424204000.png,1,OK,db03_double_panel_v1
real_h8_sccbam_epoch78__REAL_EVT_011_F006__DOUBLE_PANEL,REAL_EVT_011,REAL_EVT_011_F006,6,REAL_H8_20210425162000,2021-04-25 16:20:00,算法反演与实际观测双栏图,DOUBLE_PANEL_DBZ_20_70,REAL_H8_20210425162000.png,https://raw.githubusercontent.com/Mr-z66/qixiang/main/smartbi_event_images/db03_double_panel/REAL_H8_20210425162000.png,smartbi_event_images/db03_double_panel/REAL_H8_20210425162000.png,/gc/shanhai_etl/smartbi_db03_geo_preview_cn_final/all_double_column_ge20/REAL_H8_20210425162000.png,E:\软工\smartbi\交付物\双栏图增亮\REAL_H8_20210425162000.png,1,OK,db03_double_panel_v1
